{
  "tokio": {
    "lang": "Rust",
    "tasks": 10,
    "hit1": 5,
    "hit5": 8,
    "hit10": 8,
    "hit1_pct": 50.0,
    "hit5_pct": 80.0,
    "hit10_pct": 80.0,
    "index_time": 0.7945102190133184
  },
  "django": {
    "lang": "Python",
    "tasks": 10,
    "hit1": 3,
    "hit5": 9,
    "hit10": 10,
    "hit1_pct": 30.0,
    "hit5_pct": 90.0,
    "hit10_pct": 100.0,
    "index_time": 2.4255776229838375
  },
  "gin": {
    "lang": "Go",
    "tasks": 10,
    "hit1": 5,
    "hit5": 9,
    "hit10": 9,
    "hit1_pct": 50.0,
    "hit5_pct": 90.0,
    "hit10_pct": 90.0,
    "index_time": 0.17393019399605691
  },
  "leveldb": {
    "lang": "C++",
    "tasks": 10,
    "hit1": 5,
    "hit5": 7,
    "hit10": 10,
    "hit1_pct": 50.0,
    "hit5_pct": 70.0,
    "hit10_pct": 100.0,
    "index_time": 0.1741550530132372
  },
  "react": {
    "lang": "JavaScript",
    "tasks": 10,
    "hit1": 1,
    "hit5": 5,
    "hit10": 7,
    "hit1_pct": 10.0,
    "hit5_pct": 50.0,
    "hit10_pct": 70.0,
    "index_time": 4.368534217996057
  }
}